{"_timestamp":1.7325364331442807e+09,"_runtime":64.6937639,"_step":2999,"_wandb":{"runtime":64},"train_loss":0.15923896431922913,"val_loss":0.16068845987319946,"epoch":2999}