{"_step":999,"train_loss":0.043307431042194366,"val_loss":0.04330548271536827,"epoch":999,"_timestamp":1.7325345303138232e+09,"_runtime":27.7113966,"_wandb":{"runtime":27}}