{"train_loss":0,"val_loss":2.330366235632184e+06,"epoch":9,"_timestamp":1.732280307493422e+09,"_runtime":55.646583,"_wandb":{"runtime":55},"_step":9}