{"_runtime":379.7930402,"_step":9,"_wandb":{"runtime":379},"train_loss":0.02551016792738471,"val_loss":0.021764726195921444,"epoch":9,"_timestamp":1.7322061083586216e+09}