{"_timestamp":1.7322816974622214e+09,"_wandb":{"runtime":69},"_runtime":69.9108394,"_step":9,"train_loss":0,"val_loss":2.106603195402299e+06,"epoch":9}