{"epoch":999,"_timestamp":1.732533417727751e+09,"_runtime":25.8232198,"_step":999,"_wandb":{"runtime":25},"train_loss":0.004004979971796274,"val_loss":0.14014120399951935}