{"_timestamp":1.7325359479745157e+09,"_runtime":24.7837714,"_step":999,"_wandb":{"runtime":24},"train_loss":0.8538334965705872,"val_loss":0.8570938110351562,"epoch":999}