{"_wandb":{"runtime":24},"val_loss":0.6929383277893066,"epoch":999,"_timestamp":1.7325349943693104e+09,"_runtime":24.5048309,"_step":999,"train_loss":0.6927104592323303}