{"epoch":2999,"_timestamp":1.732537801091051e+09,"_runtime":77.1835918,"_step":2999,"_wandb":{"runtime":77},"train_loss":0.04569777101278305,"val_loss":0.03860060125589371}