{"train_loss":0,"val_loss":0,"epoch":9,"_timestamp":1.7322821956101935e+09,"_runtime":61.1517192,"_step":9,"_wandb":{"runtime":61}}