{"_wandb":{"runtime":22},"train_loss":0.8060733675956726,"val_loss":0.8061525821685791,"epoch":999,"_timestamp":1.732535836776088e+09,"_runtime":22.6875132,"_step":999}