{"_step":999,"train_loss":0.6925545334815979,"val_loss":0.6927964687347412,"_wandb":{"runtime":25},"epoch":999,"_timestamp":1.7325356354710612e+09,"_runtime":25.2159832}