{"_step":2999,"_wandb":{"runtime":72},"train_loss":0.7845789194107056,"val_loss":0.7812864184379578,"epoch":2999,"_timestamp":1.7325361556648717e+09,"_runtime":72.6748958}