{"train_loss":0,"val_loss":0,"epoch":9,"_timestamp":1.7322827323554056e+09,"_runtime":51.7056316,"_step":9,"_wandb":{"runtime":51}}