{"_timestamp":1.7322793187327592e+09,"_runtime":142.3897171,"_step":9,"_wandb":{"runtime":142},"train_loss":0,"val_loss":2.3986751264367816e+06,"epoch":9}