{"val_loss":0.024942175937847717,"epoch":9,"_timestamp":1.7322064973345337e+09,"_runtime":244.1805167,"_wandb":{"runtime":244},"_step":9,"train_loss":0.024237913045646094}