{"_wandb":{"runtime":157},"train_loss":0.5213981442067815,"val_loss":0.5030512665880138,"epoch":9,"_timestamp":1.7323519645009649e+09,"_runtime":157.7431899,"_step":9}