{"val_loss":0.13174016516784143,"epoch":19,"_timestamp":1.7323522203711755e+09,"_runtime":64.4582625,"_step":19,"_wandb":{"runtime":64},"train_loss":0.1355918130312843}