{"train_loss":0.6922717690467834,"val_loss":0.6927276849746704,"epoch":999,"_timestamp":1.732534780450456e+09,"_runtime":24.6089123,"_wandb":{"runtime":24},"_step":999}