{"val_loss":0.0060784523375332355,"epoch":175,"_timestamp":1.7325255202527955e+09,"_runtime":7.2943653,"_step":175,"_wandb":{"runtime":7},"train_loss":0.01631746254861355}